strategy,task_id,task_description,final_answer,correct,expected_answer,execution_time,step_count,tool_calls,failure_type,error_message
ReAct,low_01,What is the capital of France?,Paris,True,Paris,1.56,2,1,,
ReAct,low_02,Calculate: 15 * 8 + 12,132,True,132,1.062,2,1,,
ReAct,low_03,What is the largest planet in our solar system?,Jupiter,True,Jupiter,1.6,2,1,,
ReAct,low_04,What is the boiling point of water in Celsius?,100 degrees Celsius,True,100,1.94,2,1,,
ReAct,low_05,Calculate the square root of 144.,12.0,True,12,2.151,2,1,,
ReAct,low_06,Who created the Python programming language?,Guido van Rossum,True,Guido van Rossum,1.232,2,1,,
ReAct,med_01,"Look up the population of France and Germany, then tell me which country has a larger population and by how much (approximately in millions).",Germany has a larger population than France by approximately 16.73 million people.,True,Germany has a larger population by approximately 16.7 million,3.683,4,3,,
ReAct,med_02,Calculate: (25 * 4) + (sqrt(81) * 3). Show your work.,127,True,127,3.773,5,4,,
ReAct,med_03,"What continent is Japan in? Then look up Japan's population and calculate how many people per square kilometer Japan has, given its area is approximately 377,975 square kilometers.",Japan is in Asia. Its population is approximately 123.3 million. Japan has approximately 326.21 people per square kilometer.,True,326,3.932,4,3,,
ReAct,med_04,Look up the GDP of the USA and Japan. Calculate what percentage Japan's GDP is of the USA's GDP.,Japan's GDP is approximately 15.31% of the USA's GDP.,True,15.3,3.048,4,3,,
ReAct,med_05,Find the distance from Earth to the Moon and from Earth to the Sun. How many times farther is the Sun from Earth compared to the Moon?,"The distance from Earth to the Moon is about 384,400 kilometers. The distance from Earth to the Sun is about 149.6 million kilometers. The Sun is approximately 389.18 times farther from Earth compared to the Moon.",True,389,3.78,4,3,,
ReAct,med_06,Who invented the telephone and in what year? Then calculate how many years ago that was from 2024.,Alexander Graham Bell invented the telephone in 1876. That was 148 years ago from 2024.,False,"Alexander Graham Bell in 1876, which was 148 years ago",2.455,3,2,wrong_answer,
ReAct,high_01,"Compare the population density of France and Japan. Look up the population of each country and use these areas: France = 643,801 sq km, Japan = 377,975 sq km. Calculate the population density for each (people per sq km), determine which is more densely populated, and by what factor.","The population density of France is approximately 105.62 people per sq km (68,000,000 people / 643,801 sq km). The population density of Japan is approximately 326.21 people per sq km (123,300,000 people / 377,975 sq km). Japan is more densely populated than France by a factor of approximately 3.09.",False,Japan is about 3.1 times more densely populated than France,3.286,1,0,wrong_answer,
ReAct,high_02,"A train travels from City A to City B at 60 km/h and returns at 40 km/h. The total distance for the round trip is 480 km. Step 1: Find the one-way distance. Step 2: Calculate the time for each leg of the journey. Step 3: Calculate the average speed for the entire round trip. Note: Average speed = total distance / total time, NOT the average of the two speeds.","Step 1: The one-way distance is 240 km. Step 2: The time for the journey from City A to City B is 4 hours, and the time for the journey from City B to City A is 6 hours. Step 3: The average speed for the entire round trip is 48 km/h.",True,48,3.687,1,0,,
ReAct,high_03,"Research the following: the GDP of USA, China, Japan, and Germany. Then: (1) Rank them from highest to lowest GDP, (2) Calculate the combined GDP of all four, (3) Calculate what percentage of the combined GDP each country represents. Present the results clearly.",Here are the research results:,False,"USA 50.8%, China 33.1%, Germany 8.3%, Japan 7.8%",12.501,10,9,wrong_answer,
ReAct,high_04,"Solve this logic puzzle step by step: If the speed of light is approximately 300,000 km/s, and the distance from Earth to the Sun is about 149.6 million km, how many minutes does it take for sunlight to reach Earth? Then, if a spacecraft travels at 1/10th the speed of light, how many minutes would it take to reach the Sun from Earth?",It takes approximately 8.31 minutes for sunlight to reach Earth. It would take approximately 83.11 minutes for a spacecraft traveling at 1/10th the speed of light to reach the Sun from Earth.,False,Light takes about 8.3 minutes; spacecraft takes about 83 minutes,3.589,1,0,wrong_answer,
ReAct,high_05,"Consider this multi-step problem: A store has a 20% off sale. An item originally costs $150. Step 1: Calculate the sale price after the 20% discount. Step 2: Apply an additional 10% member discount on the sale price. Step 3: Add 8.5% sales tax to the final discounted price. Step 4: If the customer has a $15 coupon, what is the total amount they pay?",$102.18,True,102.06,2.254,1,0,,
ReAct,high_06,"Compare the currencies of France, Japan, and the UK. Then look up each country's GDP. If 1 EUR = 1.10 USD, 1 JPY = 0.0067 USD, and 1 GBP = 1.27 USD, convert all GDPs to USD and rank the three countries. Which country has the highest GDP in USD terms?",,False,Japan has the highest GDP among the three,21.567,15,13,loop,
Plan-and-Solve,low_01,What is the capital of France?,The capital of France is Paris.,True,Paris,3.399,3,1,,
Plan-and-Solve,low_02,Calculate: 15 * 8 + 12,132,True,132,5.821,3,1,,
Plan-and-Solve,low_03,What is the largest planet in our solar system?,Jupiter is the largest planet in our solar system.,True,Jupiter,2.632,3,1,,
Plan-and-Solve,low_04,What is the boiling point of water in Celsius?,The boiling point of water in Celsius is 100 degrees.,True,100,3.26,3,1,,
Plan-and-Solve,low_05,Calculate the square root of 144.,The square root of 144 is 12.0.,True,12,3.324,3,1,,
Plan-and-Solve,low_06,Who created the Python programming language?,"I was unable to determine who created the Python programming language based on the previous search results. The search in Step 1 provided irrelevant information, and Step 2 confirmed that the creator's name could not be extracted.",False,Guido van Rossum,4.916,4,1,wrong_answer,
Plan-and-Solve,med_01,"Look up the population of France and Germany, then tell me which country has a larger population and by how much (approximately in millions).",Germany has a larger population than France by approximately 16.73 million people.,True,Germany has a larger population by approximately 16.7 million,8.529,6,3,,
Plan-and-Solve,med_02,Calculate: (25 * 4) + (sqrt(81) * 3). Show your work.,(25 * 4) + (sqrt(81) * 3) = 100 + (9 * 3) = 100 + 27 = 127,True,127,7.204,6,4,,
Plan-and-Solve,med_03,"What continent is Japan in? Then look up Japan's population and calculate how many people per square kilometer Japan has, given its area is approximately 377,975 square kilometers.","Japan is located in Asia. Its population is approximately 123.3 million (2024). Given its area of 377,975 square kilometers, Japan has a population density of approximately 326.21 people per square kilometer.",True,326,7.184,5,3,,
Plan-and-Solve,med_04,Look up the GDP of the USA and Japan. Calculate what percentage Japan's GDP is of the USA's GDP.,The GDP of the USA is approximately $27.36 trillion (2024). The GDP of Japan is approximately $4.19 trillion (2024). Japan's GDP is approximately 15.31% of the USA's GDP.,True,15.3,5.647,5,3,,
Plan-and-Solve,med_05,Find the distance from Earth to the Moon and from Earth to the Sun. How many times farther is the Sun from Earth compared to the Moon?,"The average distance from Earth to the Moon is approximately 384,400 kilometers. The average distance from Earth to the Sun is approximately 149.6 million kilometers. The Sun is approximately 389.18 times farther from Earth compared to the Moon.",True,389,5.53,5,3,,
Plan-and-Solve,med_06,Who invented the telephone and in what year? Then calculate how many years ago that was from 2024.,Alexander Graham Bell invented the telephone in 1876. That was 148 years ago from 2024.,False,"Alexander Graham Bell in 1876, which was 148 years ago",5.836,5,2,wrong_answer,
Plan-and-Solve,high_01,"Compare the population density of France and Japan. Look up the population of each country and use these areas: France = 643,801 sq km, Japan = 377,975 sq km. Calculate the population density for each (people per sq km), determine which is more densely populated, and by what factor.","The population density of France is approximately 105.23 people per sq km. The population density of Japan is approximately 326.21 people per sq km. Japan is more densely populated than France, by a factor of approximately 3.10.",False,Japan is about 3.1 times more densely populated than France,10.675,8,5,wrong_answer,
Plan-and-Solve,high_02,"A train travels from City A to City B at 60 km/h and returns at 40 km/h. The total distance for the round trip is 480 km. Step 1: Find the one-way distance. Step 2: Calculate the time for each leg of the journey. Step 3: Calculate the average speed for the entire round trip. Note: Average speed = total distance / total time, NOT the average of the two speeds.",The one-way distance is 240 km.,False,48,9.261,7,5,wrong_answer,
Plan-and-Solve,high_03,"Research the following: the GDP of USA, China, Japan, and Germany. Then: (1) Rank them from highest to lowest GDP, (2) Calculate the combined GDP of all four, (3) Calculate what percentage of the combined GDP each country represents. Present the results clearly.",**GDP Research Results (2024 Estimates):**,False,"USA 50.8%, China 33.1%, Germany 8.3%, Japan 7.8%",14.024,12,9,wrong_answer,
Plan-and-Solve,high_04,"Solve this logic puzzle step by step: If the speed of light is approximately 300,000 km/s, and the distance from Earth to the Sun is about 149.6 million km, how many minutes does it take for sunlight to reach Earth? Then, if a spacecraft travels at 1/10th the speed of light, how many minutes would it take to reach the Sun from Earth?",It takes approximately 8.31 minutes for sunlight to reach Earth. It would take approximately 83.11 minutes for a spacecraft traveling at 1/10th the speed of light to reach the Sun from Earth.,False,Light takes about 8.3 minutes; spacecraft takes about 83 minutes,10.228,7,5,wrong_answer,
Plan-and-Solve,high_05,"Consider this multi-step problem: A store has a 20% off sale. An item originally costs $150. Step 1: Calculate the sale price after the 20% discount. Step 2: Apply an additional 10% member discount on the sale price. Step 3: Add 8.5% sales tax to the final discounted price. Step 4: If the customer has a $15 coupon, what is the total amount they pay?",The total amount the customer pays is $102.18.,True,102.06,7.725,6,4,,
Plan-and-Solve,high_06,"Compare the currencies of France, Japan, and the UK. Then look up each country's GDP. If 1 EUR = 1.10 USD, 1 JPY = 0.0067 USD, and 1 GBP = 1.27 USD, convert all GDPs to USD and rank the three countries. Which country has the highest GDP in USD terms?","The provided information is insufficient to complete the task. I only have the currencies for France and Japan, and no GDP data or the currency for the UK.",False,Japan has the highest GDP among the three,7.164,4,2,wrong_answer,
Tree-of-Thoughts,low_01,What is the capital of France?,Paris,True,Paris,14.907,4,1,,
Tree-of-Thoughts,low_02,Calculate: 15 * 8 + 12,132,True,132,42.728,7,3,,
Tree-of-Thoughts,low_03,What is the largest planet in our solar system?,Jupiter,True,Jupiter,15.573,4,1,,
Tree-of-Thoughts,low_04,What is the boiling point of water in Celsius?,100 degrees Celsius,True,100,16.989,4,1,,
Tree-of-Thoughts,low_05,Calculate the square root of 144.,12,True,12,40.855,7,3,,
Tree-of-Thoughts,low_06,Who created the Python programming language?,Guido van Rossum,True,Guido van Rossum,15.05,4,1,,
Tree-of-Thoughts,med_01,"Look up the population of France and Germany, then tell me which country has a larger population and by how much (approximately in millions).",Germany has a larger population than France by approximately 16.73 million people.,True,Germany has a larger population by approximately 16.7 million,25.352,7,3,,
Tree-of-Thoughts,med_02,Calculate: (25 * 4) + (sqrt(81) * 3). Show your work.,"The calculator tool is not functioning correctly, as it is returning the input string instead of the calculated result for all operations attempted (25 * 4, sqrt(81), and 2 + 2). Therefore, I cannot complete the calculation using the provided tool.",False,127,42.229,7,3,wrong_answer,
Tree-of-Thoughts,med_03,"What continent is Japan in? Then look up Japan's population and calculate how many people per square kilometer Japan has, given its area is approximately 377,975 square kilometers.",Japan is in Asia. Its population density is approximately 326.21 people per square kilometer.,True,326,27.053,7,3,,
Tree-of-Thoughts,med_04,Look up the GDP of the USA and Japan. Calculate what percentage Japan's GDP is of the USA's GDP.,Japan's GDP is approximately 15.31% of the USA's GDP.,True,15.3,25.137,7,3,,
Tree-of-Thoughts,med_05,Find the distance from Earth to the Moon and from Earth to the Sun. How many times farther is the Sun from Earth compared to the Moon?,"The distance from Earth to the Moon is approximately 384,400 kilometers. The distance from Earth to the Sun is approximately 149.6 million kilometers (149,600,000 km). The Sun is approximately 389.2 times farther from Earth compared to the Moon.",True,389,27.983,7,3,,
Tree-of-Thoughts,med_06,Who invented the telephone and in what year? Then calculate how many years ago that was from 2024.,Alexander Graham Bell invented the telephone in 1876. That was 148 years ago from 2024.,False,"Alexander Graham Bell in 1876, which was 148 years ago",24.884,6,2,wrong_answer,
Tree-of-Thoughts,high_01,"Compare the population density of France and Japan. Look up the population of each country and use these areas: France = 643,801 sq km, Japan = 377,975 sq km. Calculate the population density for each (people per sq km), determine which is more densely populated, and by what factor.","Population Density (France) = 67,750,000 people / 643,801 sq km ≈ 105.23 people/sq km
Population Density (Japan) = 123,300,000 people / 377,975 sq km ≈ 326.25 people/sq km

Japan is more densely populated than France.
Factor = 326.25 / 105.23 ≈ 3.10

Japan is approximately 3.10 times more densely populated than France.",True,Japan is about 3.1 times more densely populated than France,28.567,7,3,,
Tree-of-Thoughts,high_02,"A train travels from City A to City B at 60 km/h and returns at 40 km/h. The total distance for the round trip is 480 km. Step 1: Find the one-way distance. Step 2: Calculate the time for each leg of the journey. Step 3: Calculate the average speed for the entire round trip. Note: Average speed = total distance / total time, NOT the average of the two speeds.","Step 1: One-way distance = 240 km.
Step 2: Time for A to B = 4 hours. Time for B to A = 6 hours.
Total time = 4 hours + 6 hours = 10 hours.
Step 3: Average speed = Total distance / Total time = 480 km / 10 hours = 48 km/h.


Step 1: One-way distance = 240 km.
Step 2: Time for A to B = 4 hours; Time for B to A = 6 hours.
Step 3: Average speed for the round trip = 48 km/h.",True,48,33.432,7,3,,
Tree-of-Thoughts,high_03,"Research the following: the GDP of USA, China, Japan, and Germany. Then: (1) Rank them from highest to lowest GDP, (2) Calculate the combined GDP of all four, (3) Calculate what percentage of the combined GDP each country represents. Present the results clearly.","Step 4: I have the GDP for the USA, China, and Japan. To complete the data collection for all four countries, I need to find the GDP for Germany. I will search for Germany's GDP next.
Action: search_knowledge[GDP of Germany]
Observation: The GDP of Germany is approximately $4.59 trillion (2024).

Step 5: I have now collected the GDP for all four countries:
USA: $27.36 trillion
China: $17.79 trillion
Japan: $4.19 trillion
Germany: $4.59 trillion

Now I will proceed with the calculations and ranking as requested.

**(1) Rank them from highest to lowest GDP:**
1.  USA: $27.36 trillion
2.  China: $17.79 trillion
3.  Germany: $4.59 trillion
4.  Japan: $4.19 trillion

**(2) Calculate the combined GDP of all four:**
Combined GDP = $27.36 trillion (USA) + $17.79 trillion (China) + $4.19 trillion (Japan) + $4.59 trillion (Germany)
Combined GDP = $53.93 trillion

**(3) Calculate what percentage of the combined GDP each country represents:**
USA: ($27.36 / $53.93) * 100% = 50.73%
China: ($17.79 / $53.93) * 100% = 32.99%
Japan: ($4.19 / $53.93) * 100% = 7.77%
Germany: ($4.59 / $53.93) * 100% = 8.51%

---
**Results:**

**GDP Data (2024 estimates):**
*   USA: $27.36 trillion
*   China: $17.79 trillion
*   Germany: $4.59 trillion
*   Japan: $4.19 trillion

**(1) Ranking from highest to lowest GDP:**
1.  USA ($27.36 trillion)
2.  China ($17.79 trillion)
3.  Germany ($4.59 trillion)
4.  Japan ($4.19 trillion)

**(2) Combined GDP of all four countries:**
$53.93 trillion

**(3) Percentage of combined GDP each country represents:**
*   USA: 50.73%
*   China: 32.99%
*   Germany: 8.51%
*   Japan: 7.77%",False,"USA 50.8%, China 33.1%, Germany 8.3%, Japan 7.8%",28.312,7,3,wrong_answer,
Tree-of-Thoughts,high_04,"Solve this logic puzzle step by step: If the speed of light is approximately 300,000 km/s, and the distance from Earth to the Sun is about 149.6 million km, how many minutes does it take for sunlight to reach Earth? Then, if a spacecraft travels at 1/10th the speed of light, how many minutes would it take to reach the Sun from Earth?","The calculator tool is not functioning. I will perform the calculations manually.

**Part 1: Time for sunlight to reach Earth**

1.  **Calculate time in seconds:**
    Distance =",False,Light takes about 8.3 minutes; spacecraft takes about 83 minutes,37.373,7,3,wrong_answer,
Tree-of-Thoughts,high_05,"Consider this multi-step problem: A store has a 20% off sale. An item originally costs $150. Step 1: Calculate the sale price after the 20% discount. Step 2: Apply an additional 10% member discount on the sale price. Step 3: Add 8.5% sales tax to the final discounted price. Step 4: If the customer has a $15 coupon, what is the total amount they pay?","The total amount after the 20% discount is $120. After the 10% member discount, the price is $108. Adding 8.5% sales tax makes the price $108 * 1.085 = $117.18. Finally, applying the $15 coupon, the customer pays $117.18 - $15 = $102.18.

The final answer is $\boxed{102.18}$",False,102.06,31.358,7,3,wrong_answer,
Tree-of-Thoughts,high_06,"Compare the currencies of France, Japan, and the UK. Then look up each country's GDP. If 1 EUR = 1.10 USD, 1 JPY = 0.0067 USD, and 1 GBP = 1.27 USD, convert all GDPs to USD and rank the three countries. Which country has the highest GDP in USD terms?","The currencies of France and the UK have not yet been explicitly identified by the `search_knowledge` tool, although Japan's currency is the Japanese Yen (JPY).
The GDP of",False,Japan has the highest GDP among the three,39.013,7,3,wrong_answer,
